Id;Sentence;IsNegated
1;If you like the costar, Liam Neeson, forget it, he hardly ever appears.;F F F F F F F F F F T T T
2;"""We're sexually attracted to one another, so I hope neither one of us dies,"" say Bowman and Gallagher, though not in so many words.";F F F F F F F F F T T T T T F F F F F T F F T T
3;I will not give this key plot twist away even if the trailer does.;F F T T F F T F F F F F F F
4;Richard is especially noteworthy, giving a performance that is both bigger than and full of life.;F F F F F F F F F F F F F F F F
5;Shan-Yu is not going to place high in the Disney Bad Guys Hall of Fame.;F F T F F T T F F F F F F F F
6;They all try to stay one step ahead of Ben (Joseph Chrest), the Empire's reptilian bellhop who locks out delinquent guests at a moment's notice.;F F F F F F F F F F F F F F F F F F F F F F F F F
7;But not SOUR DEATH BALLS.;F T T T T
8;The movie, directed by William Dear, who was responsible for the offensive remake of ANGELS IN THE OUTFIELD, shows no ambition in bringing this tale to the screen.;F F F F F F F F F F F F F F F F F F T T T F F F F F F F
9;The film has no humans and hence no human sex, nudity, or violence.;F F T T T F F T T T F F F
10;It is one of the best pieces of acting that I've seen this year, but most people will probably never see it, figuring that the movie is another forgettable teen comedy.;F F F F F F F F F F F F F F F F F T F T T T F F F F F F F F F
11;I have never seen THIS ISLAND EARTH before and the best part of MST3K is getting to see it.;F T T T T T T F F F F F F F F F F F F
12;Having never read the book, I cannot be sure if the problem stems from the book, Marleen Gorris's direction or Eileen Atkins's adaptation.;F T T F T F T T T F F F F F F F F F F F F F F
13;But there is never any romance in his films that amount to anything, and this film is no exception.;F F T T F T F F F F F F F F T T T T T
14;One morning, Josef K (Kyle MacLachlan) wakes up to find that he's been arrested for no apparent reason.;F F F F F F F F F F F F F T T T F T
15;Only Danny DeVito and Arnold Schwarzenegger could be less alike.;F F F F F F F F F F
16;Besides being without funds, both grew up in unhappy homes -- Isa because her parents broke up and Marie because her parents didn't.;F T T T F F F F F F F F F F F T T F F F F T T
17;If Gerard loses consciousness, it will be up to her (as his next-of-kin) to decide whether or not he is given food.;F F F F F F F F F F F F F F F F F T T T T T
18;Yang-Yang also argues that people can only see half of the truth since they can see in front of them but not behind.;F F F F F F F F F F F F F F F T F F F F F T T
19;Mario Van Peebles is developing into a director with a real flair for powerful visuals, and PANTHER is no exception.;F F F F F F F F F F F F F F F F T T T T
20;A safe choice at the video store if not a very involving one.;F F F F F F F T T F F F F
21;I will only setup the plot and give some of the dialog so you can get a flavor of the show, but without giving anything away.;F F F F F F F F F F F F F F F F F F F F F F T T T T
22;Life-weary and looking for a little affection, Delores drifts from day-to-day, not seeming to care what comes next.;F F F F F F F F F F F T F F T T T T
23;Why he had to cast Brando and Dunaway, I will never fully understand.;F F F F F F F F F T T F T
24;He's been harassed by cops all of his life, but he's the king of the boxing world now and figures he no longer has anything to fear.;F F F F F F F F F F F F F F F F F F F F F T T T F T T
25;But that's not the film's worst failing, because, beyond all the attempts to sell Kleenexes, HOPE FLOATS is boring.;F T T F F T T F F F F F F F F F F F F
26;I never laughed although there were a few members of my audience, including two women on either side of me, who went wild over it.;F T T F F F F F F F F F F F F F F F F F F F F F F
27;Katherine, not knowing he's alive, remains in a state of shock, but is asked to be a witness that she saw Joe burning to death.;F T T T T F F F F F F F F F F F F F F F F F F F F
28;And that may be all you need to know to determine whether or not this is your kind of flick.;F F F F F F F F F F F F F T T T F F F F
29;This is a multigenerational story, exploring not only Selena's realization of her dreams, but the importance of her father's vision to all that she accomplished.;F F F F F F T T F F F F F F F F F F F F F F F F F
30;The world of the media is shown to be worse than ever, as this new breed of executives are not really news people.;F F F F F F F F F F F F F F F F F F T T F T T
31;Along the way, we observe his relationship with his mother, his first attempts at hunting his own meals, and the harsh lessons that identify his place in the food chain.;F F F F F F F F F F F F F F F F F F F F F F F F F F F F F F
32;It is so controversial, I will make no recommend to see it or not.;F F F F F T T T T F F F T T
33;There's nothing deep or meaningful to be unearthed in this feel-good comedy, but it nevertheless makes for solid entertainment.;T T T F T F F F F F F F F F F F F F F
34;The conventional three-act film storytelling structure may not be sacrosanct, but if you're telling a conventional story, it's a really good idea to use it.;F F F F F F F T T T F F F F F F F F F F F F F F F
35;Jeanne Chin plays Katherine, a meek and soft-spoken wife, who worries that her husband is unhappy with her because she is not giving him enough sex.;F F F F F F F F F F F F F F F F F F F F T T T T F T
36;This lesson is offered to explain why CHUCK & BUCK, for all the quirky things it does right, is ultimately an experience somewhere between improbable and downright insulting.;F F F F F F F F F F F F F F F F F F F F F F F F F F F F
37;"Copyright 1998 James Berardinelli ""My belief is that no movie, nothing in life, leaves people neutral.";F F F F F F T F T T T T T T T T
38;No matter how long they remain stranded on the desert island, she never has a bad hair day.;F F F F F F F F F F F F T T F T T T
39;I do not think this film is inappropriate for kids other than perhaps older and mature teenagers.;F T T T F F T T F F F F F F F F F
40;"When they come upon the poacher's hideout in the wilderness, Jessie wants to do something which Sean puts down with, ""Maybe you should write him a note.";F F F F F F F F F F F F F F F F F F F F F F F F F F F
41;It seemed empty, and to the bargain she's no beauty.;F F F F F F F T T T
42;I found the ending a let down and did not care for the way the story was wrapped up.;F F F F F F F F F T T F F F F T F F F
43;The movie is historically accurate, but its focus is less on the events of the time than on the relationship between the principals.;F F F F F F F T T T T T T F F F F F F F F F F
44;The government, which owns the rights to flubber but will not come through with the remuneration for it, shows up on Brainard's doorstep in the person of an IRS agent.;F F F F F F F F F T T T T F F F F F F F F F F F F F F F F F
45;She has been saving up for an operation for her son so that he will not suffer the same fate.;F F F F F F F F F F F F F F T T T F F F
46;It is not rated, but would probably be PG-13 for a little profanity and models in their underwear.;T T T T F F F F F F F F F F F F F F
47;That kind of film is a rarity indeed, and it is no sin to have aspirations to that kind of completeness.;F F F F F F F F F F T T T T T F F F F F F
48;Though SUNDAY asks plenty of questions without providing many answers, ambiguity isn't its problem.;F F F F F F F F F F F T T T
49;Most of the technical aspects of the show like the cinematography, music, and sets are acceptable, but nothing special.;F F F F F F F F F F F F F F F F F T T
50;The stern Mr. Kalman (Krabbé) is not friendly to her and considers her to be a whore because of the way she dresses.;F F F F F T T T F F F F F F F F F F F F F F F
51;He's not supposed to be tracking him any more -- according to the Bureau, they've got their man -- but LaCrosse has a very important reason for believing otherwise.;T T T F F F F F F F F F F F F F F F F F F F F F F F F F F
52;Perhaps this is the reason the story skims the surface and never invites you to go deeper.;F F F F F F F F F F F T T T F F F
53;It also skirts the rating by showing lots and lots of panties and some bras, but no actual nudity.;F F F F F F F F F F F F F F F F T T T
54;This is a history of a repressed people which almost never leaves the confines of the world of politicians.;F F F F F F F F F F T T T T F F F F F
55;The ending will not be satisfying to everyone, but this isn't the type of picture that is made to appeal to the masses.;F F T T T T F F F F T T T T T F F F F F F F F
56;Snipes is in trouble from the start with a character who makes no sense, but at least you might hope for some creative lunacy from DeNiro.;F F F F F F F F F F F T T T F F F F F F F F F F F F
57;The problems lie not in the performances, but in the bland script.;F F T T T T T F F F F F
58;James willingly submits to this examination without checking for credentials or even asking him who he is, even though the examination was a highly suspicious one.;F F F F F F T T T T T T T F F F F F F F F F F F F F
59;In the end there is pathos, as Emmet is left alone, not understanding what he had until Hattie left his life for good and he was unable to make real contact with another woman.;F F F F F F F F F F F T T T T T F F F F F F F F F T T T T T T F F F
60;Many of the issues it approaches have less to do with gender than with the simple condition of living in the '90s -- something we are all afflicted with.;F F F F F F T T T T T T F F F F F F F F F F F F F F F F F
61;Paul questions Stu's talent and dedication, and John seems jealous ... although of whom is not entirely clear.;F F F F F F F F F F F F F F T T T T
62;Being smart, they no longer want to eat humans and are happy to chew the fat with them instead.;F F T T T T T T F F F F F F F F F F F
63;And, if not for a somewhat forced catharsis during the epilogue (the weakest segment of the movie), BREAKING THE WAVES would have been more wrenching than it is.;F T T T T F F T F F F F F F F F F F F F F F F F F F F F
64;In a further twist, the profession she seeks is not something considered glamorous by society.;F F F F F F F F T T T F T F F
65;By not concentrating on one primary storyline (there's the serial rapist and the doctor with a god complex), it dilutes both.;F T T T T T T F F F F F F F F F F F F F F
66;Shane's voice-over narration dutifully informs us why Studio 54 was so unique and popular, but there's never enough energy for us to believe him or care.;F F F F F F F F F F F F F F F T T T T F F F F F F F
67;Three-dimensionality may not be achieved, but attempts are made to give the men and women in this film some depth, and the freshness of the performances helps a great deal.;F T T T T F F F F F F F F F F F F F F F F F F F F F F F F F
68;My advice to you is to arrive ninety minutes late since nothing, absolutely nothing, of interest happens until the Japanese Zeros arrive to obliterate our fleet.;F F F F F F F F F F F F F T T T T F F F F F F F F F
69;Most of these work on a purely visual level, but their attempts to telegraph emotional states are less successful.;F F F F F F F F F F F F F F F F T T T
70;That should make him a more challenging assignment for Gerard, except Sheridan never seems to be thinking hard enough or working hard enough to clear his name.;F F F F F F F F F F F F T F F F T T F F F F F F F F F
71;Director Damien O'Donnell, working from a script by Ayub Khan-Din, continually pulls his punches, never quite making either a truly funny film or a biting social satire.;F F F F F F F F F F F F F F T F T F F F F F F F F F F
72;She is now not sure if he's guilty, but only goes with him when he threatens to abandon her to the snakes on the isolated desert road.;F F F T T T T T F F F F F F F F F F F F F F F F F F F
73;I recommend the show to kids and to adults with or without the kids, and I award it ***.;F F F F F F F F F F F T T T F F F F F
74;Director James Keach and cinematographer Bruce Surtees have worked meticulously to recapture the essence of an America that, although only sixty years in the past, is no more.;F F F F F F F F F F F F F F F T T F F F F F F F F T T T
75;Mr. Kinsky falls head over heels in love with his maid, which displeases her, albeit not quite enough to cause her to leave.;F F T F F F T T F F F F F F F T F T F F F F F
76;RIDICULE is not meant to be taken as a rigorous historical account, but, as with all French movies, the period detail is impeccable.;F F T T T T T T T T T T F F F F F F F F F F F
77;Princess or pauper, there's no difference in Sara's eyes.;F F F T T T T T T
78;Snipes is a likeable enough performer, but he is not doing himself any favors by adding this film to a string of lumbering action duds like DROP ZONE and MONEY TRAIN.;F F F F F F F F T T T T T T F F F F F F F F F F F F F F F F F
79;Other than I wish the director had not let the show bog down as often as he did, and I wish he had kept the energy a bit higher, I have no other criticisms.;F F F F F F T T T T T T T T T T T T F F F F F F F F F F F T T T T T
80;As the story opens, Yamamoto (Kitano, who goes by the acting name of Beat Takeshi) is about to be a man without a country.;F F F F F F F F F F F F F F F F F F T T T T T T
81;"Copyright 1997 James Berardinelli ""The cinema is not an art which films life: the cinema is something between art and life.";F F F F T T T T T T T T T F F F F F F F F
82;REVIEWED WRITTEN ON: January 21, 1995 Opinions expressed are mine and not meant to reflect my employer's.;F F F F F F F F F F F T T T T T T
83;I guess he is in one of those fourth world countries where they have no phones.;F F F F F F F F F F F T T T T T
84;With an unflagging attention to detail, HAMLET demands to be noticed.;F F F F F F F F F F F
85;Aliens have never looked better than in this movie!;F T T T T F F F F
86;Palminteri proves that his performance in A BRONX TALE was no fluke.;F F F F F F F F F T T T
87;"Copyright 1997 James Berardinelli ""The cinema is not an art which films life: the cinema is something between art and life.";F F F F T T T T T T F F F F F F F F F F F
88;It is not rated but would be an R for some sexuality, profanity, nudity and comic violence and would be fine for most teenagers.;T T T T F F F F F F F F F F F F F F F F F F F F
89;It's not for lack of trying: they have sex at every opportunity, often in very public places (such as an elevator at the construction site where Danny works).;T T T T T T F F F F F F F F F F F F F F F F F F F F F F
90;Hugh Grant (so wonderful in FOUR WEDDINGS AND A FUNERAL and SIRENS among others) gave a nice performance, but not his best.;F F F F F F F F F F F F F F F F F F T T T T
91;They had to, because the original might have been a fun read but was no movie material.;F F F F F F F F F F F F F T T T T
92;And the premise -- a modern-day Sherlock Holmes -- while not tremendously original, has at least as much promise as COLUMBO.;F F F F F F F F F F T T T F F F F F F F F
93;But it was to no avail.;F T T T T T
94;The problem with this film is not the star.;F T F F F T T T T
95;"The ""chairman"" has tried to stop time, thinking he is still 20-years-old, living as if nothing took place the last 50-years since he has been in prison.";F F F F F F F F F F F F T T T T T T F F F F F F F F F
96;(For the record, I'm not against Japanese anime.;F F F T T T T F
97;The easiest way to frame the story in your mind is that it is the ET for this generation albeit the film is not of ET's caliber.;F F F F F F F F F F F F F F F F F F F F T T T T T T T
98;About the network's guilt I know nothing, but about the head of Geritol (played by Martin Scorsese) I read a recent article in the Wall Street Journal.;F F F F T T T F F F F F F F F F F F F F F F F F F F F
99;Although I aimed at a window far away, I did not expect to hit it.;F F F F F F F F T T T T T T T
100;In one extremely significant way: in THE RICH MAN'S WIFE, the ending serves absolutely no dramatic purpose.;F F F F F F F F F F T T T F T T T
101;It shows, amongst other things, that it's possible to love completely and with unflagging devotion without sex ever becoming an issue.;F F F F F F F F F F F F F F F T T T T T T
102;Tyler's acting is convincing during this part, but not later when Pam has supposedly matured some.;F T T T F F F F T T F F F F F F
103;There is probably a story buried there somewhere, but it takes the press notes to decipher it, not that you'd care.;F F F F F F F F F F F F F F F F F T T T T
104;On the other hand, I do not recommend it to anyone, and I award it * 1/2.;F F F F F T T T T T T F F F F F F
105;That's not to say that the movie is of masterpiece status, or even light on flaws.;T T T T F F F F F F F F F F F F
106;And, while Bean wreaks havoc all over Los Angeles, no one is more affected than David Langley (Peter MacNicol), the Grierson Gallery's curator.;F F F F F F F F F T T T T T F F F F F F F F F
107;She sounds like a hick, which most people associate with stupidity, but she is quite cleaver and brave, no matter how sweet and hooky she is.;F F F F F F F F F F F F F F F F F F T T T T T T T T
108;Last, and certainly not least, the script must have some genuine humor.;F F F F F F F F F F F F
109;However, being in a theater watching a couple of wasted characters is not anything like being under the influence of a mind-altering drug (or so I'm told).;F F F F F F F F F F F T T T T T T T T F F F F F F F F
110;Jack wavers between loving Marion as if she were his conscience or not being fully in love with her because he can't love someone who is so straight.;F F F F F F F F F F F F T T T T T T T F T T T T T T T T
111;Without the poetry and perspective of Smiley's language, the story becomes little more than a collection of tragedies -- Shakespeare without the wisdom or the words.;T T T T T F F F F F F F F F F F F F F T T T T T T F
112;Bond is not a big moralist.);F T T T T T
113;The actresses demonstrate little energy and almost no talent.;F F T F F F F T T
114;His life can only be lived in the fast lane where love and relationships have no relevance.;F F F F F F F F F F F T T T T T T
115;I think not.;T T T
116;So, although THE RUN OF THE COUNTRY has its weak spots, it nevertheless gives us a more original coming-of-age story than that which typically graces American screens.;F F F F F F F F F F F F F F F F F F F F F F F F F F F
117;The less time consuming of the two presents the early life of Vito Corleone (played by Robert DeNiro) in Sicily and New York, and shows how he came into power.;T T T T F F F F F F F F F F F F F F F F F F F F F F F F F F
118;When the cattle drive is over he has no trouble beating the younger cowboy.;F F F F F F T T T T T T T T
119;Its use was argued against, by Major Huglin, that it would only destroy our country and might not even work against the aliens.;F F F F F F F F F F F F F F F F F T T T T T T
120;Most of the time, however, the movie would start clicking and then some invisible hand would reach out and grab a lever and slow it down for no apparent reason.;F F F F F F F F F F F F F F F F F F F F F F F F F F T T T T
121;The goal in the movie is not in literally landing the Big Kahuna, but in finding out what bill of goods they sold themselves that made them be salesmen.;T T F F F T T T T T T T T F F F F F F F F F F F F F F F F
122;It's hard to believe that a film this weightless would waste so much time on setting up the premise, then never exploit the premise.;F F F F F F F F F F F F F F F F F F F T T T T T
123;He likes nothing better than showing off his crude behavior by obscene verbal jousting with his buddies.;F T T T T T T F F F F F F F F F F
124;This is not a sentimental film neither is it ever manipulative.;T T T T T T T T T T T
125;If only that look seemed less familiar, or more resonant.;F F F T T T T F F F
126;A sensible film-maker would have realized that the Webbers' life in the shelter was the set-up for the story, not the story itself.;F F F F F F F F F F F F F F F F F F F T T T T
127;Then again, maybe not...;F F T T
128;Although John Waters's PECKER never really comes together, it is entertaining.;F F F T T T T T F F F
129;Soon, however, Don Quixote comes into conflict not only with sheep and windmills, but with the modern world.;F T F F T T T T T T T T T F F F F F
130;Soon he discovers that there is always someone willing to cater to almost every sexual taste, and that there are people in the world capable of things he never imagined.;F F F F F F F F F F F F F F F F F F F F F F F F F F T T T T
131;His brother Terry (Malcolm Jamal- Warner, looking absolutely nothing like he did on TV) is with him.;F F F F F F T F T T T T T T F F F
132;Still, this picture's most obvious flaw has nothing to do with its sermonizing.;F F F F F T T T T T T T T
133;There is not a single decent acting job by any of the boys.;T T T T T T T T F F F F F
134;Others, like Billy Ansel (Bruce Greenwood), want nothing to do with Stephens.;F F F F F F T T T T T T
135;Alexis Loret, in his debut film role, gives an interesting performance of someone who is always out of place no matter where he is.;F F F F F F F F F F F F F F F F F F F T T T T T
136;The organization is making millions on it and not declaring taxes.;F F F F F F F F T T T
137;Whether this one is typical or not I cannot say, I am only reviewing this particular film and not the genre.;F F F F T T T T T T F F F F F F F F T T T
138;Malkovich has an over-the-top accent that is nothing short of hilarious.;F F F F F T T T T T T
139;I would not want my teenager to see it.;T T T T T T T T T
140;THE HOUSE OF YES is a black comedy not at all concerned about making its family feuds a touch surreal.;F F F F F F F F T T T T T T F F F F F F
141;Along the way, we get detours into a globe-spanning guilt-quest undertaken by Tristan, a scrap with bootlegging Irish gangsters and not one, not two, but _three_ funerals.;F F F F F F F F F F F F F F F F F F F F T T T T F F F
142;This hinted to the viewers that the film wasn't just some elaborate mystery and that they should not feel cheated if Rosebud turns out not to be very dramatic after all.;F F F F F F F F F F F F F F F F F T T T F F F F T T T T T F F
143;CRAZY PEOPLE was less than completely successful because it didn't have a shred of story to offer once you got past the admittedly hilarious snippets of truth in advertising.;F F F F F F F F F T T T T T T F F F F F F F F F F F F F F
144;We learn, for example, that most women of that era, with the exception of courtesans, were not able to read.;F F F F F F F F F F F F F F F T T T T T
145;When Blake, an actor, fires a gun twenty minutes into the show and splatters his bathroom with fake blood, the audience will be disappointed to learn that he is not dead.;F F F F F F F F F F F F F F F F F F F F F F F F F F F T T T T
146;The story is not especially original.;T T T T T T
147;There are times when CITY HALL sparkles, but rarely do these instances relate to Calhoun's investigation.;F F F F F F F F F F F F F F F F
148;"Smith refuses his offer with, ""I may be a gun for hire, but I'm not exactly an assassin.""";F F F F F F F F F F F F F T T T T T
149;There is no spark, no energy, no anything to RENAISSANCE MAN's laboriously staged set pieces but musical crying cues.;F F T T T T T T F F F F F F F F F F F
150;Ninety minutes stuck in a minivan with Tom Arnold, David Paymer, and five annoying kids is not my idea of a fun time at the movies.;F F F F F F F F F F F F F F F T T T T T T T T F F F
151;In a great twist, Dr. Butz readily admits that he personally has no health insurance because he doesn't want to be artificially kept alive like his patients.;F F F F F F F F F F F T T T T F T T T T T T T T T T T
152;He identifies so much with what the perp is thinking, that he can just look at him and know if he did the crime or not.;F F F F F F F F F F F F F F F F F F F T T T T T T T
153;"""I'm not dating the walking dead,"" she bitterly informs her mother, who replies, ""we better work fast.""";T T T T T T F F F F F F F F F F F
154;It is the scriptwriter's and the director's fault, not Arnold's.;F F F F F F F T T T
155;It is an unfortunate decision, if for no other reason than that it is unnecessary.;F F F F F F F T T T T T T T T
156;"Copyright 1997 James Berardinelli ""For me, the cinema is not a slice of life, but a piece of cake."" - Alfred Hitchcock";F F F F F F T T T T T T T T F F F F F F F F
157;The latest challenger for that murky throne is THE SHADOW, based on the radio character of the 1930's and 1940's ... well, not much of a challenger, actually.;F F F F F F F F F F F F F F F F F F F F F F T T T T T T
158;Such is not the case.;T T T T T
159;A significant predicament results from updating DIABOLIQUE, since certain key events demand a level of docility from Mia that is not typically found in a nineties American woman.;F F F F F F F F F F F F F F F F F F T T T T T T T T T T
160;Then, even more suddenly, Fred has been replaced in his prison cell by Pete Dayton (Balthazar Getty), a young mechanic with no memory of how he got there.;F F F F F F F F F F F F F F F F F F F F T T T T T T T T
161;On top of that, no one on board the ship has seen the beautiful woman with her husband.;F F F F T T T T T T T T T T T F F F
162;Cast somewhat against type, Ben Kingsley is a sleazy scientist with no concept of ethics but a great love of procedure.;F F F F F F F F F F F T T T T F F F F F F
163;If not for Bornedal's stylish approach to the material and a couple of effectively chilling sequences, NIGHTWATCH would have been a complete waste of time and effort.;T T T T T T F F F F F F F F F F F F F F F F F F F F F
164;For the most part, I'm not a big Keanu Reeves fan.;F F F F T T T T T T T
165;This is the first show I have seen him in where he did not steal the show.;F F F F F F F F F F T T T T T T T
166;"A science-fiction thriller can work, of course, without much profound commentary on the human condition; heaven knows THE MATRIX wasn't out to score philosophical brownie points.";F F F F F F F F F F F F F F F T T T T T T T T F F F
167;REVIEWED WRITTEN ON: March 31, 1995 Opinions expressed are solely mine & not meant to reflect my employer's.;F F F F F F F F F F F F T T T T T T
168;"I'm going to get it out of you whether you like it or not.""";F F F F F F F F T T T T T T
169;Death, something not really touched on in the last three animated Disney tales, is very much at the forefront of THE LION KING.;F T T T T T F T T T T T T F F F F F F F F F F
170;He is weird, slow-witted and obnoxious, but he does not have the same kind of depraved sexual relationship with Parker as Josh does.;F F F F F F F T T T T T T T T T T T F F F F F
171;There's no sacrifice she won't make, an attitude that her aging, impotent husband (Ge Zhijun) is incapable of understanding.;T T T T T T F F F F F F F F F F F F F
172;The acting is earnest, but monochromatic, and I did not find any of the characters believable.;F F F F F F F T T T T T T T T T
173;She spent her formative years living with her father (Philip Bosco) and stepmother (Jenny O'Hara), a woman whom she never liked.;F F F F F F F F F F F F F F F F T T T T T
174;I was surprised it did not get an R rating.;F F F T T T T T T T
175;Without thinking, she barks at her daughter, telling her not to eat a macaroon since David's lips have touched it.;F F F F F F F F F T T T T T T T T T T T
176;"Always polite but not one easy to say ""no"" to, he has answers for all occasions.";F F F T T T T T T T F F F F F F
177;To Roger, the immigrants are a less-than-human source of income, and that is a philosophy he attempts to pass on.;F F F F F F F F F F F F F F F F F F F F
178;THE BIRDCAGE, as it's called, is one of those rare motion pictures with side-splitting laughs where the humor never stays dormant for long.;F F F F F F F F F F F F F F F F F F T T T T T
179;"When Doug finds a planted clue he tells his partner, ""I know we're Valley detectives so we're not all that bright, but how stupid does he think we are?""";F F F F F F F F F F F F F F F F T T T T T F F F F F F F F
180;The horrific ending means that Brandon Teena deserves our sympathy, but it does not follow that the film dramatization based on her life's story is worthwhile.;F F F F F F F F F F F T T T T T T T T T T T T T T T
181;I rarely notice the songs, and when I do, it probably means I am getting bored, which I was.;T T T T T F F F F F F F F F F F F F F
182;And in one key scene, the yellow floppy he holds is assumed to be the right disk without checking it and is further assumed never to have been copied.;F F F F F F F F F F F F F F F F F F F F F F F T T T T T T
183;This excerpt appears on the trailer so I've seen the clip fours times now, and I still can ascertain no difference which, I suppose, is the point.;F F F F F F F F F F F F F F F F F T T T T T F F F F F
184;The storyline is a bit convoluted, but it never gets so confused that the primary themes become obscured.;F F F F F F F T T T T T F F F F F F
185;Of course, the corpse also gets viciously abused in every manner possible, without ever showing a scratch.;F F F F F F F F F F F F T T T T T
186;Different in this case does not necessarily mean inferior, instead THE LAND BEFORE TIME possesses a minimalist, but warm and natural beauty.;F F F F T T T T T F F F F F F F F F F F F F
187;DAYLIGHT is a POSEIDON ADVENTURE clone with a few effectively tense moments, but it is so plodding and mechanical that it is rarely entertaining.;F F F F F F F F F F F F F F F F F F F F T T T T
188;Plummer plays his usual bad guy, nothing special.;F F F F F F T T
189;"Copyright 1998 James Berardinelli ""My belief is that no movie, nothing in life, leaves people neutral.";F F F F F F F F T T T T T T T T
190;Sally and Gillian Owens, played charmingly by Sandra Bullock and Nicole Kidman, were trained as witches when they were young, but they've never been serious practitioners.;F F F F F F F F F F F F F F F F F F F F F T T T T T
191;"We no surrender.""";T T T
192;And he manages to find humor without ever resorting to cheap shots and to make the potentially repugnant absolutely riveting.;F F F F F F T T T T T T F F F F F F F F
193;JUDY BERLIN manages to hit some effective comic notes while always staying true to the small, very personal desires of even its peripheral characters.;F F F F F F F F F F F F F F F F F F F F F F F F
194;The movie was basically sort of a Blue Velvet-lite in feel but without its violence.;F F F F F F F F F F F F T T T
195;He has never fired a shot at anyone, and is now desperately afraid that he will be killed before he ever gets a chance to experience life.;T T T T T T T T F F F F F F F F F F F F F F F F F F F
196;The only one who knew the secret, was the old peasant woman, Alte Nane (Julia), who never told anyone else.;F F F F F F F F F F F F F F F T T T T T
197;Mrs. Pascal is the sort that will not let Jackie-O keep a hairbrush downstairs since food is kept on that level.;F F F F F F T T T T T T T F F F F F F F F
198;Hollywood rarely does this sort of hard-hitting story as well as independent productions, and this is a case-in-point.;T T T T T T T T F F F F F F F F F F
199;My son Jeffrey, age 8, said he thought the movie was good and really funny, but recommends you not choose it if you want an action movie.;F F F F F F F F F F F F F F F F F F T T T T T T T T T
200;The amateur poet in Urdu is more than pleased to do so, though he does not feel secure that he is up to the task.;F F F F F F F F F F F F F T T T T T F F F F F F F
201;The movie argues convincingly that we do not have to accept this conventional wisdom.;F F F F F T T T T T T T T T
202;For her part, she wants nothing to do with him.;F F F T T T T T T T
203;In QUIZ SHOW he plays a sweet, lovable guy who manages to sign a pact with the devil and yet not seem to realize what he has done.;F F F F F F F F F F F F F F F F F F F F T T T T T T T T
204;The easygoing tone dissipates, and is replaced by something far less comfortable.;F F F F F F F F F T T T
205;There's nothing horrible about MONEY FOR NOTHING.;T T T T T T T
206;Where I felt M. BUTTERFLY was less successful was in portraying the complexities of Gallimard's character.;F F F F F F F F F F F F F F F F
207;The supporting cast includes a number of familiar faces, but, other than Glenn Close, no one has much to do.;F F F F F F F F F F F F F F T T T T T T
208;Despite paying lip service to high ideals, Schlesinger's movie has no moral compass, and is only interested in delivering cheap thrills.;F F F F F F F F T T T T T F F F F F F F F
209;The situations beg to have the absurdity level turned up just a notch;F F F F F F F F F F F F F
210;This fall, no fewer than three new releases -- THE ICE STORM, THE MYTH OF FINGERPRINTS and THE HOUSE OF YES -- are turning Turkey Day into Dysfunction Junction.;F F T T T T F T F F F F F F F F F F F F F F F F F F F F F
211;Unfortunately, no one else cares.;F T T T T
212;ONLY YOU is entertaining without being exceptionally accomplished.;F F F F T T T T
213;Actually, with much tighter editing, say an hour less movie and even if they left in all of the gore, I could recommend this movie to adult audiences with strong stomachs.;F F F F F F F F F F F F F F F F F F F F F F F F F F F F F F F
214;It does it in such fresh ways, that you do not mind you have seen this setup a hundred times before.;F F F F F F F F T T T T F F F F F F F F F
215;"He is not really a good fellow away from his mistress, the guitar; he is much too self-absorbed to care a lick about someone else.";F T T T T T T F F F F F F F F F F F F F F F F F F
216;Anything less than complete praise will be derided by their fans.;F T T T F F F F F F F
217;If it was too much for you, then you do not want to see THE CELL.;F F F F F F F F F T T T T T T T
218;"His son, missing his grieving dad, tells his mom, ""I don't want to see Dad sad, mom, but I'd rather see him sad than not see him at all.""";F F F F F F F F F T T T T T T T F F F F F F F F T T T T T
219;(For example, one question that is never answered is whether Truman actually has sex with his actress-wife.);F F F F F T T T F F F F F F F F F
220;It does not currently have a United States release date.;T T T T T F F F F F
221;Some of its best humor makes no sense whatsoever if you apply logic, but it sure is funny.;F F F F F T T T T F F F F F F F F F
222;He, for example, puts a dollop of hot mustard on her plate without asking permission.;F F F F F F F F F F F F T T T
223;CRIMSON TIDE is no exception -- the atmosphere alone is sufficient to keep the audience on edge.;T T T T T F F F F F F F F F F F F
224;The action sequences recall MISSION IMPOSSIBLE, ERASER, and THE ROCK, albeit with less energy.;F F F F F F F F F F F F F F
225;Just not this bad.;T T T T
226;"Billy, however, is wary, telling us that ""I witnessed enough of my brother's social agony early on to know that I would never let the Abbotts matter to me.""";F F F F F F F F F F F F F F F F F F F F T T T T T T T T T
227;If there's one noteworthy hole in CAN'T HARDLY WAIT, it's the central plot of Preston's pursuit of Amanda.;F F F F F F F F F F F F F F F F F F
228;Afterall, not many moviegoers go to the entertainment section looking for a good cockroach film.);F T T T F F F F F F F F F F F
229;There's enough going on in that slightly radioactive nuclear famliy to fill a feature film without bringing in Crazy Cousin Rita.;F F F F F F F F F F F F F F F T T T T T T
230;The film was also popular enough to spawn a sequel, catchily titled GREASE 2, but the less said about that sad endeavor, the better.;F F F F F F F F F F F F F F F F F F F F F F F F
231;When Clay returns after taking a walk in the woods for a few days, Darkly becomes resentful of him and though he helps him build coffins, the two never really bond.;F F F F F F F F F F F F F F F F F F F F F F F F F F F F T T T
232;SPEED is clearly divided into three acts, each no less draining than the others.;F F F F F F F T T T T F F F
233;Since claiming not to be Nick would just make him look expendable, Rudy says he is Nick.;F T T T T T F F F F F F F F F F F
234;Fate intercedes, however -- but not just in Teddy's life.;F F F F T T T T T T
235;The difference between him and Endore, is that the later had to kill, while Loomis killed despite his convictions not to kill.;F F F F F F F F F F F F F F F F F F F T T T
236;However, for anyone who isn't bothered by the thought of experiencing a shock to the system, this film is not to be missed.;F F F F F F F F F F F F F F F F F F T T T T T
237;I could not keep track of the details even with my trusty notepad at my side.;F T T T T F F F F F F F F F F F
238;It's not an original tale -- movies like this abound -- but Nava's point-of-view is fresh.;T T T T T F F F F F F F F F F F
239;These mini-dramas have little appeal and are not the reason to see the film.;F F F F F F T T T T T T T T
240;With long violin notes, pianos in the low registers, and blaring French horns, we are reminded incessantly that this is a thriller no matter how languid the pacing.;F F F F F F F F F F F F F F F F F F F F F F T T T T T T
241;He's not a bad actor, but he still carries himself on screen primarily with a swagger, even when he's supposed to be emotionally wounded.;T T T T T F F F F F F F F F F F F F F F F F F F
242;This is not a gruesome motion picture -- there is surprisingly little graphic violence and almost no blood.;T T T T T T T F F F F F F F F F T T
243;While Frank goes to work in the Stateville Prison, Jane takes off to find herself, and must decide whether or not to stand by her man.;F F F F F F F F F F F F F F F F F F T T T T T T T T
244;"Copyright 1998 James Berardinelli ""My belief is that no movie, nothing in life, leaves people neutral.";F F F F F T T T T T T T T T T T
245;There are also plenty of crime caper elements mixed in with the comedy and romance, including no small amount of bloodshed, but even then the film seems entirely cohesive.;F F F F F F F F F F F F F F F F T T T F F F F F F F F F F
246;Animals do get attacked, and one boy gets a bloody leg, but there is no human to human violence.;F F F F F F F F F F F F F T T T T T T
247;But he is disappointed when the bookstore owner can only tell him, that if his problem is only about a girl, that's no big deal.;F F F F F F F F F F F F F F F F F F F F F T T T T
248;Michel Delasalle is the kind of person no one wants to know.;F F F F F F F T T T T T
249;"All this adds up to is yet another ""high concept"" horror movie that isn't noticeably better than its numerous, ""low concept"" counterparts.";F F F F F F F F F F F F T T T F F F F F F F
250;Melville draws us into the cold, cruel world of his protagonist by presenting lengthy stretches in which there is no dialogue.;F F F F F F F F F F F F F F F F F F T T T
251;This is not a slasher film per se but it could be, it had all the gore required for a movie appealing to teens looking for a film with a quick mindless thrill.;F T T T T T F F F F F F F F F F F F F F F F F F F F F F F F F F F
252;The most distressing thing about KAMA SUTRA is what a conventional story it turns out to be, its unique setting notwithstanding.;F F F F F F F F F F F F F F F F F F F F F
253;The word in Hollywood is that no Oscar or other celebration can happen these days unless they GET BRUCE, hence the title of Andrew J. Kuehn's hilarious documentary.;F F F F T T T F F F F F F F F F F F F F F F F F F F F F
254;When her customers complain that their intended recipients have not gotten their letters, she blames it on Brazil's notoriously unreliable postal system.;F F F F F F F F T T T T T F F F F F F F F F
255;If a film has Kevin Spacey in it, you will not be disappointed.;F F F F F F F F T T T T T
256;"Along with William, Jimmy catches a thief and turns him in with a note identifying the captors as the ""S.O.S.""";F F F F F F F F F F F F F F F F F F F F
257;"Continuing in this stream of insightful thinking, he later tells us that, ""People say nothing is forever.";F F F F F F F F F F F F F F T T T
258;And that's not to say that SNAKE EYES doesn't move.;F T T T T T T T T T
259;When Sally dances the tango in the film, that's really her and not a double.;F F F F F F F F F F F F T T T
260;Like Jackie Chan several years ago, actor Chow Yun-Fat is internationally revered but hardly known in the United States.;F F F F F F F F F F F F F T T T T T T
261;While the art direction and cinematography are striking, there is nothing original enough to obscure the glaring weaknesses in the rest of the film.;F F F F F F F F T T T T T F F F F F F F F F F F
262;At a reasonably short 85 minutes, this is nevertheless a complete experience, and the strength and depth of its drama makes it the most memorable of any adaptation of the tale.;F F F F F F F F T T T T F F F F F F F F F F F F F F F F F F F
263;It is full of messages without ever seeming to have many.;F F F F F T T T T T T
264;Both parties are exactly where they want to be, and much of the conflict in BACKBEAT comes from John's frustration that for Stu, The Beatles are not that place.;F F F F F F F F F F F F F F F F F F F F F F F F T T T T T
265;The well-honed dialogue and intimate camerawork would have been enough without the soap-opera-like interludes.;F F F F F F F F F F T T T T
266;"During the 1950s, the FBI relentlessly pursued ""communists"" of all sorts, and guilt or innocence was rarely considered.";F F F F F F F F F F F F F F F F F F
267;No subtitles and no dubbing which is good since this movie is non-stop dialog.;T T T T T T T T F F F F F F
268;Although he takes off his large angel wings to wrestle, he never removes his mask so that not even his own mother knows what he does for a living.;F F F F F F F F F F T T T T T F F T T T T T T F F F F F F
269;I'm not sure why BAD MOON didn't go straight to video.;T T T T T T T T T T T
270;That the world had to be created out of the first concept of God;F F F F F F F F F F F F F F
271;Technology this time includes transparent fake fingerprints so Bond can impersonate a diamond smuggler without being suspected.;F F F F F F F F F F F F F F T T T
272;Let me note the two highlights of the show.;F F F F F F F F F
273;Crystal and Williams generate no chemistry, and both look like they're on hand solely to pick up a paycheck.;F F F T T T F F F F F F F F F F F F F
274;"It's worth a look, reminding me a little bit of that Sydney Pollack film ""They Shoot Horses, Don't They,"" but without the cheap sentimentality Pollack threw into his film.";F F F F F F F F F F F F F F F F F T T F F F F F F F F F F
275;The lessons are not necessarily lessons, but show her as she becomes obsessed with the dance, with the subtleties of the music, and with her teacher.;F T T T T T F F F F F F F F F F F F F F F F F F F F
276;Unlike the megalomaniacs in later Bond films, the villains in FROM RUSSIA WITH LOVE aren't after world domination (at least not immediately).;F F F F F F F F F F F F F F T T T T T T T T
277;Furthermore, for reasons that are never made clear, Michael is obligated to bring the boy, Mimi, back to New York to experience life in the big city.;F F F F T T T T F F F F F F F F F F F F F F F F F F F
278;Yet the source of lamentation is not what's on screen, but what could have been there.;F F F F F T T T T T F F F F F F
279;For over two decades, she has never once doubted that Frank killed her mother but, after he visits her following his release from prison, she has cause to wonder.;F F F F T T T T T F T T T T F F F F F F F F F F F F F F F
280;There are times when the embers start to smolder, but a fire never ignites.;F F F F F F F F F F F T T T
281;There's no story to speak of and no significant character development---anything, in fact.;T T T T T T F T T T F F F
282;"The child actors are not much better, neither emotionless enough to be truly other-worldly or human enough to be the kind of ""hidden threat among us"" which can be so frightening.";F F T T T T T T T T F F F F F T T T T T T F F F F F F F F F F
283;Individually their performances are excellent, but somehow the mix never seems quite right.;F F F F F F F F F T T T T
284;Benigni's film offers no explanation for this.;F F T T T T T
285;It conditions you to feel repulsed by what drugs do to these people without allowing you to feel for them as people.;F F F F F F F F F F F F F T T T T T T T T T
286;The movie has no MPAA rating.;T T T T T T
287;Today, with modern special effects, this would not be as great an achievement as it was more than forty years ago.;F F F F F F F T T T T T T F F F F F F F F
288;There is nothing subtle about this heavy-handed thriller.;T T T T F F F F
289;Alas, the film does not really earn its ending.;F F F T T T T T T
290;There are times when RANSOM is genuinely gripping, most notably during the scenes in and around Tom's fateful decision.;F F F F F F F F F F F F F F F F F F F
291;The film has not been released as of yet, but has been going around to film festivals.;T T T T T T F F F F F F F F F F F
292;It was a condemnation of how girls are treated differently than boys, because the boys would have been allowed to play outside and therefore would have never been imprisoned.;F F F F F F F F F F F F F F F F F F F F F F F F F T T T T
293;One distinction this movie can claim is that it's almost certainly the most unusual buddy movie of the year (KAZAAM not excepted).;F F F F F F F F F F F F F F F F F F F T T T
294;"Copyright 1997 James Berardinelli ""For me, the cinema is not a slice of life, but a piece of cake."" - Alfred Hitchcock";F F F F F F T T T T T T T T F F F F F F F F
295;He has been married for ten years and his wife has not been able to give him a child.;F F F F F F F F F F T T T T T T F T T
296;Carrey has so much skill and dexterity that he could breathe life into a bad comedy, which LIAR LIAR is not.;F F F F F F F F F F F F F F F F T T T T T
297;The film's approach careens wildly from low-key to over-the-top, without much of a break in between.;F F F F F F F F F T T T T T T T
298;It is a perfectly valid interpretation to suggest that Isabel had no choice;F F F F F F F F F T T T T
299;They accomplish this feat by overexposing the image and by rushing the shooting and not waiting for the proper natural light.;F F F F F F F F F F F F F F T T T T T T T
300;The final moral point is made in front of the Supreme Court, with John Quincy Adams saying, if these men are not set free, you might as well start the Civil War now.;F F F F F F F F F F F F F F F F F T T T T T T T F F F F F F F F F
301;But the point of the story is, that their life is absurd, so why not get what you want, no matter what you have to do to get it).;F F F F F F F F F F F F F F T T T T T T T T T T T T F F F
302;The bank hostages have bombs attached to them, and Travolta threatens mass executions if he's not allowed to escape.;F F F F F F F F F F F F F T T T T T T
303;"""If you're not scared of them, you're in big trouble,"" Dave tells us about his wild animals.";F T T T T T F F F F F F F F F F F
304;She would not be so proud of his acting which is non-existent.;F F T T T T F F T F T T
305;Solondz pulls no punches, pointing out the utter futility of adolescence for someone like her, who can't help being a nerd and who receives no emotional support from home.;F T T T F F F F F F F F F F F T T T T T T F F T T T T T T
306;THE GOOD SON is not a complete failure.;F F F T T T T T
307;You're just not likely to care one way or the other.;T F T T T T F F F F F
308;(The best exchange is without a doubt the one between Tracy and Mike as they zip around Newport in her car, bantering about wealth, idleness, and class differences.);F F F F T T T F F F F F F F F F F F F F F F F F F F F F
309;Whenever he has misgivings, his buddies, like Marlon, assure him not to worry.;F F F F F F F F F F T T T
310;DOUBTFIRE and the less satisfying BYE BYE LOVE.;F F F T T F F F
311;Although you are convinced that the scene where Kelly will either sing or dance is just around the corner, it never appears.;F F F F F F F F F F F F F F F F F F F T T T
312;A romance is brought into the film as another subplot, but is never fully developed to be anything but superficial.;F F F F F F F F F F F T T T T F F F F F
313;All does not go well with the burial, however.;F T T T T F F F F
314;Their dreamlike odyssey, nevertheless, continuing, ever moving northward.;F F F F F F F F
315;Its comedy has no real edge, and consistently avoids risks.;F F T T T T F F F F
316;Although it is a good picture without the ending twist, it is stronger for it.;F F F F F F T T T T F F F F F
317;I got as tired as they did, but I was not being paid millions and millions of dollars to endure this as WIllis and Jackson were.;F F F F F F F F F F F F F F F F F F F F F F F F F F
318;Finally, at the end, there's an underwater battle that not only has Chan outdueling human opponents but a shark as well.;F F F F F F F F F T T T F F F F F F F F F
319;It forgets that a film based on scary parody of scary movie cliches had better be scary or funny, but not cliched.;F F F F F F F F F F F F F F F F F F F F T T
320;It seems to have safely placed itself in the middle of the argument, not taking sides (a rather wishy-washy way to leave things).;F F F F F F F F F F F F F T T T F F F F F F F
321;The three characters never move from their position around a table.;F F F T T T T T F F F
322;He loves drinking and has no remorse.;F F F F T T T
323;If you like the costar, Liam Neeson, forget it, he hardly ever appears.;F F F F F F F F F T T T T
324;Perhaps Red will be better;F F F F F
325;Also noteworthy is a scene where Ellie confronts Hammond, who's eating a dish of ice cream in the midst of the crisis.;F F F F F F F F F F F F F F F F F F F F F F
326;SMOKE follows its own advice, but without laying it on too thick.;F F F F F F T T T T T T
327;Bridges's charismatic performance is full of nuances and subtlety that leaves us never quite sure of his motivations.;F F F F F F F F F F F F T T T T T T
328;The outcome of a Bond movie is never in question, but who cares?;F F F F F F T T T T F F F
329;What exactly this constitutes we'll never know for we are mainly confined to hanging around the hallway with the maid after they lock themselves in their room.;F F F F T T T F F F F F F F F F F F F F F F F F F F F
330;There is no sex or nudity, but there is a little profanity.;T T T T T T F F F F F F
331;That film, confusingly, was itself a remake, not of the 1943 film HEAVEN CAN WAIT, but of the 1941 picture HERE COMES MR.;F F F F F F F T T T T T F F F F F F F F F F F
332;"Perhaps the best line (although not necessarily the most appropriate) is a quote from the famous thriller director: ""Always make the audience suffer as much as possible.""";F F F F F T T T T T F F F F F F F F F F F F F F F F F
333;The locals in Baltimore, where Pecker used to work at a sub shop, are much less impressed.;F F F F F F F F F F F F F F F T T
334;"""You think he's not guilty,"" another juror shouts out in anger to him about the defendant.";T T T T T F F F F F F F F F F F
335;THE BROWNING VERSION does not lack substance, but it is somnolently-paced and goes virtually nowhere.;F F F T T T T F F F F F F F F
336;While no film this decade has equaled the accomplishment of Krzysztof Kieslowski and Zbigniew Preisner in wedding music and visuals for 1993's BLUE, MR.;F T T T T F F F F F F F F F F F F F F F F F F F
337;There is no sex, nudity, violence, or other profanity.;T T T T T T T T T
338;It is also interesting to note that the film pays homage to great mystery writers such as Graham Greene, Ernest Hemingway, and Malcolm Lowry.;F F F F F F F F F F F F F F F F F F F F F F F F
339;You need look no further than the O. J. Simpson story to see this.;F F T T T F F F F F F F F F
340;Life for him was the battlefield, and without war, his spirit was sapped.;F F F F F F F T T F F F F
341;This film should be a magical lesson in film-making for those modern filmmakers who think they must inject heavy doses of symbolism to get their point across.;F F F F F F F F F F F F F F F F F F F F F F F F F F F
342;A man's love for what he has -- rather than envy of what he doesn't have -- has rarely felt this genuine.;F F F F F F F F F F F F F T T T F F F F F F
343;"He tells her, ""You can never ask me to stop drinking.";F F F T T T T T T T T
344;McGovern, from her first film, the brilliant and devastating ORDINARY PEOPLE, has brought something special to any character she has played, but her career has never taken off.;F F F F F F F F F F F F F F F F F F F F F F T T T T T T
345;Well, when it comes to the big game, the oaf who can't plant his feet suddenly grows roots and the superstar who never passes treats the ball like a hot potato.;F F F F F F F F F F T T T T T F F F F F F T T T F F F F F F F
346;And that's not the only place where the story feels less than cohesive.;F T T T T T F F F F T T T
347;A control freak no longer in control, Mel, who was adopted as a baby, is on a quest for his biological parents.;F F F T T T T F F F F F F F F F F F F F F F
348;The only people not killed in the blast are Eddie and Lily.;F F T T T F F F F F F F
349;One of BUDDY's themes might remind attentive viewers of an element of JURASSIC PARK -- that humankind, no matter how good its intentions, cannot bend nature to its will.;F F F F F F F F F F F F F F F F F T T T T T T T T T T T T
350;Campion's painfully strident stylings get a workout in HOLY SMOKE!, a film that gets sillier and less insightful the longer I think about it.;F F F F F F F F F F F F F F F F T T F F F F F F
351;That's an interesting notion, and in the context of the movie, it's easy to see how this could be the case- a great deal of attention is paid to the smallest details.;F F F F F F F F F F F F F F F F F F F F F F F F F F F F F F F F
352;The missteps are not fatal, but they're noticeable.;F T T T T F F F
353;The message of the movie seems to be that young people drink constantly, but somehow this represents no problem to them or their lives.;F F F F F F F F F F F F F F F F F T T F F F F F
354;Make no mistake, Spike loves his hoops.;T T T F F F F
355;"But the professor replies in his noted serious Karloff movie tone, ""When the time comes, your skepticism might be only a fragile shield.""";F F F F F F F F F F F F F F F F F F F F F T T
356;It is not rated but might be PG for mature themes.;F T T T F F F F F F F
357;Surprisingly, however, she's fine--not Oscar material, but strong enough not to drag down the film.;F F T T T T F F F T T T T T T
358;You see David has never had a lesson other than from his autocratic and stubborn father, Peter (Armin Mueller-Stahl from THE MUSIC BOX).;F F F F T T T T F F F F F F F F F F F F F F F
359;They ascribe to our actions an eroticism that is never intended.;F F F F F F F F T T T
360;Robert's conundrum then is choosing between his safe, good-looking and boring wife and his no better looking but much sexier and exciting houseguest.;F F F F F F F F F F F F F T T T T F F F F F T
361;Mack continues to pester Mona at home and at her workplace and refuses to take no for an answer, despite her revulsion for him.;F F F F F F F F F F F F T T T T T T T F F F F F
362;REVIEWED WRITTEN ON: May 5, 1995 Opinions expressed are mine and not meant to reflect my employer's.;F F F F F F F F F F F T T T T T T
363;It's an effective enough centerpiece, but it has virtually nothing to do with the rest of the movie.;F F F F F F T T F T T T T T T F F F
364;Ellen still doesn't believe that her sister committed suicide and figures out that her sister was going to get married that day and not jump off the roof.;F T T T F F F F F F F F F F F F F F F F F F F T T T T T
365;Her real motives, while frequently pursued in the most misguided and warped of methods, are nevertheless good and true.;F F F F F F F F F F F F F F T T T T T
366;And, you guessed it, the transfer of the money is less than successful.;F F F F F F F F F F T T T
367;All of us have been the butt of a joke at one point or another, so it's not hard to empathize with Angus' situation.;F F F F F F F F F F F F F F F F T T T T T F F F
368;There is no anachronism in Alcott's Transcendentalist proto-feminism, though upon first glance it might appear so.;T T T T F F F F F F F F F F F F
369;Set in the bright Florida sun, PALMETTO may not look like a film noir, but it is firmly routed in that genre.;F F F F F F F F T T T T T T F F F F F F F F
370;His panic continues even after Luanne tells him not to worry, that she has some money saved to support them.;F F F F F F T T T T T F F F F F F F F F
371;The small film is filled with tiny, frequently unrelated incidents that never amount to anything.;F F F F F F F F F F T T T T T
372;"""Maybe if we were the last two people on earth, and there were no sheep,"" he laughs in response and then adds, ""Are there sheep?""";F F F F F F F F F F F T T T T F F F F F F F F F F
373;I noted that that scene is the perfect climax for G.I. JANE, but in truth it only _should have been_ the climax.;F F F F F F F F F F F F F F F F F F F F F F
374;The tapestry of this film successfully weaves together emotion, intellect, and narrative into a pleasing, but never cloying, whole.;F F F F F F F F F F F F F F F F T T T
375;Most actors confuse shouting with overacting and have trouble separating the two, but not Pacino, at least not in this role.;F F F F F F F F F F F F F T T T T T T T T
376;A version without the pseudo-religious aspects and without McConaughey would have earned a higher rating in my book.;F F T T T T F T T T F F F F F F F F
377;When the family has no interest in selling, Ditmeyer decides to use nefarious means.;F F T T T T F F F F F F F F
378;Recycling plot elements from better films, DRINKING GAMES never establishes a unique identity.;F F F F F F F F T T T T T
379;This is a tragedy without a last act -- a wrenching experience that offers no catharsis.;F F F F T T T T F F F F F T T T
380;"""What kind of a mother can't stand her own son?"" Robin asks George in a telling, confessional question that has no proper answer.";F F F F F T T T T T F F F F F F F F F T T T T
381;Even if the film has shortcomings, its visuals are nothing short of incredible.;F F F F F F F T T T T T T
382;It's an offensive movie -- not as a result of salacious or violent content, but because it takes for granted a fundamental lack of audience intelligence.;F F F F F T T T T T F F F F F F F F F F F F F F F F
383;It's not quite funny enough for a comedy, not quite insightful enough for a story of adolescent awakening, and not quite emotional enough for a story of family ties.;T T T T T F F F T T T T F F F F F F F T T T T F F F F F F
384;Kane is not, however, all Hearst.;T T T F F F
385;"The script for SCREAM is not clever enough to provide a consistently witty thriller; it is sometimes witty and sometimes thrilling, but never both.";F F F F T T T T F F F F F F F F F F F F F F T T
386;For those who think that what movies need today are more elaborate gimmicks, TIME CODE is the answer, since it is nothing but one long, insufferable gimmick.;F F F F F F F F F F F F F F F F F F F T T T T F F F F
387;Did anyone else notice how men were portrayed in this movie?;F F F F F F F F F F F
388;The real problem with DESPERADO, however, is that this sequel is without purpose and may be the most unnecessary follow-up since the second CROCODILE DUNDEE.;F F F F F F F F F F T T T F F F F F F F F F F F F
389;Whatever the reason, however, the characters never connect with the audience, causing LITTLE BUDDHA to test the viewer's attention span when it should instead be soaring.;F F F F F F T T T T T F F F F F F F F F F F F F F F
390;This is not surprising since his last film was that major bomb, EVEN COWGIRLS GET THE BLUES.;T T T T F F F F F F F F F F F F F
391;My son Jeffrey, age 8, thought the movie was good but was upset that the fairies were hardly in it at all.;F F F F F F F F F F F F F F F T T T T T T T
392;Kathy meets a colleague (Miguel Sandoval) on the job and decides to date him, while Carol deals with her own problems without self-pity.;F F F F F F F F F F F F F F F F F F F F F T T
393;In contrast to the serious, dark colored laptops of all the students in class, Elle takes her notes on a pink, heart shaped paper notepad.;F F F F F F F F F F F F F F F F F F F F F F F F F
394;But the other choice he understands is the right one, and he wrestles with his conscience as he tries to help the widow without hurting his father.;F F F F F F F F F F F F F F F F F F F F F F F T T T T
395;He does not seem to come any closer to finding a way out of the moralistic trap he has built for himself.;T T T T T T T T T T T T T F F F F F F F F F
396;"Banky, whose role as a mere cartoon ""tracer,"" gets him no end of ridicule.";F F F F F F F F T T T T T T
397;I have often said that the first responsibility of a historically based film is not necessarily to be good history, but to be good drama.;F F F F F F F F F F F F F T T F T T T T F F F F F
398;She's in love with him and responds to his warm side, but is also frightened of him and is unsure if he is not really the murderer.;F F F F F F F F F F F F F F F F F F F F T T T T T T T
399;The KKK has a prominent role, but couldn't a more moderate, less universally-despised group have filled a similar function?;F F F F F F F T T T T T T F F F F F F
400;In RED PLANET, Peter Suschitzky's dark and dull cinematography gives you little reason not to wait for video.;F F F F F F F F F F F F F T T T T T
401;"Copyright 1998 James Berardinelli ""My belief is that no movie, nothing in life, leaves people neutral.";F F F F F F F F T T T T T F F F
402;When Monica's husband returns to town, wanting to see his son, there's no shouting match or violence.;F F F F F F F F F F F T T T T T T
403;Though he is not a religious man, he respects the traditions, as the film makes many Biblical allusions in telling its story.;F T T T T T T F F F F F F F F F F F F F F F
404;Alice, a violinist, explains upfront to Martin that her relationship with Benjamin is not sexual.;F F F F F F F F F F F F T T T
405;It offers what Seagal fans have come to expect from their icon: a healthy dose of ego and a lot of fights in which no one ever lays a finger on the star.;F F F F F F F F F F F F F F F F F F F F F F F F T T T T T T T T T
406;His prostitutes will say whatever he wants, but he knows that their words have no meaning.;F F F F F F F F F F F T T T T T
407;You have all been to movies that were dogs, but which, nevertheless, contain one or two outstanding performances.;F F F F F F F F F F F F F F F F F F
408;Certainly not a kids' movie, the Orwellian story is packed with intricate messages within a deceptively, simple structure.;F T T T T F F F F F F F F F F F F F
409;The lines were not important ones and the characters used these words as if they were innocuous fillers of the pauses in one's speech, i.e., as if they had no meaning at all.;T T T T T T F F F F F F F F F F F F F F F F F F F T T T T T T F F
410;THE HOUSE OF THE SPIRITS is driven by its complex and many-faceted plot, not by the characters that populate the film.;F F F F F F F F F F F F F T T T T T T T T
411;Subtlety is not the movie's strong suit.;T T T T T T T
412;Goes to a diner, eats like a horse and befriends the waitress (Caitlin Clarke) into letting her skip out without paying.;F F F F F F F F F F F F F F F F F F F T T
413;In the process, some of his men believe he endangered their lives, so his triumph is less than complete.;F F F F F F F F F F F F F F T T T T T
414;Most actors would have approached the part with a heavy emphasis on slapstick and exaggerated gestures, but not Hanks.;F F F F F F F F F F F F F F F F T T T
415;It is about the need to protect and nurture great works of writing, especially when the author is no longer around.;F F F F F F F F F F F F F F T T T T T T T
416;Providing all the ingredients of a thriller is not the same as making a thriller.;F F F F F F F T T T T T T T T
417;On the negative side, there is not a lot here.;F F F F F T T T T T
418;Agnes's difficulty, as we learn from the beginning, is that she's a lesbian, albeit not a practicing one.;F F F F F F F F F F F F F F T T T T
419;And with all that time on her hands, she starts to notice things.;F F F F F F F F F F F F F
420;Director and co-scripter Ang Lee seems to want his film to be about too many different things, without giving sufficient attention to any of them.;F F F F F F F F F F F F F F F F F T T T T T T T T
421;"Copyright 1998 James Berardinelli ""My belief is that no movie, nothing in life, leaves people neutral.";F F F F F F F F T T T T T T T T
422;The script is unable to fashion any characters that are not complete caricatures, and the actors all deliver sophomoric performances.;F F F F F F F F F F T T T F F F F F F F
423;Among my numerous alternative endings, one of them did come to pass, but I was just as surprised that some of the others did not.;F F F F F F F F F F F F F F F F F F F F F F T T T
424;There are no high- orbit names like Tom Cruise or Alec Baldwin to distract the viewer.;F T T T T T F F F F F F F F F F
425;But it's not just family strife which eventually turns Francie into a monster.;F T T T T T F F F F F F F
426;And Julianne Moore is no Jodie Foster.;F F F T T T T
427;Life in this remote country village, called Varkut, is oppressive, with nothing to do but work hard and eat a lot and watch bland TV programs.;F F F F F F F F F F F T T T F F F F F F F F F F F F
428;When the mountain is measured at less than the 1000 feet necessary for official recognition as more than a hill, the locals are up in arms.;F F F F F F F F F F F F F F F F F F F F F F F F F F
429;It's not safe, comfortable, or lighthearted, nor is it completely original, but it's definitely memorable.;T T T F F F T T T T T F F F F
430;During Castro's revolutionary fight, he was caught up in the fever of revolution and ran away from home and joined the rebels, but did no fighting.;F F F F F F F F F F F F F F F F F F F F F F F T T T
431;More unusual is a wild Latin dancer with a mop hairdo who has been taking individual lessons for five years.;F F F F F F F F F F F F F F F F F F F F
432;With a huge collective sigh of relief we realize that our hero is saved and has not been detected afterall.;F F F F F F F F F F F F F F F T T T T F
433;"""I'm not ready to be a princess,"" she tells the queen.";T T T T T T T F F F F
434;"""You've got to ask for a fast car, a Learjet or a Greyhound bus,"" Max tells him, otherwise they will not take you seriously.";F F F F F F F F F F F F F F F F F F T T T T T T
435;When he tells his boss (Lummis) about it, he has no explanation why he didn't report it immediately, except he couldn't understand how so much money was missing.;F F F F F F F F T T T T T T T T T T F F T T F F F F F F
436;He takes Bulworth from business suits to sweatpants and sunglasses, and transforms his campaign speeches into angry rap songs, all without missing a beat.;F F F F F F F F F F F F F F F F F F F F T T T T
437;Bette Midler is not the star of THAT OLD FEELING, and neither is Dennis Farina.;T T T T T T T T T T F T T T T
438;Refreshingly, this film does not have one ounce of pretention to high culture.;F F F T T T T T T T T T T
439;When Wang tries to act, he shows that he needs more acting lessons and should stick to expressions for now.;F F F F F F F F F F F F F F F F F F F F
440;This film such be PG at most since there is no sex, nudity, or violence although it does have a tragedy.;F F F F F F F F T T T T T T T F F F F F F
441;The best that can be said about this story, is that it's not bad and it had some sparks in it to keep you awake.;F F F F F F F F F F F T T T F F F F F F F F F F F
442;But FIRST KID is not it.;F T T T T T
443;She should get tested, but she does not trust the doctor recommended by her psychiatrist.;F F F F F F T T T T T F F F F
444;With the help of Bogart's detective work ala Marlowe, Martin finds that Carlotta is not the name of a woman, but an island off South America.;F F F F F F F F F F F F F F T T T T T T F F F F F F
445;Together, these two generate no chemistry.;F F F T T T
446;It's ironic that the story chides notions of celebrity, then casts Susan Sarandon and Steve Martin in cameo appearances.;F F F F F F F F F F F F F F F F F F F
447;Why don't you take along an abacus and try to count the number of actions that either make no sense or are just outright ludicrous?;F T T T F F F F F F F F F F F F F T T T F F F F F
448;Cruise's supporting players form an interesting group, although not necessarily the kind of names one might expect in a big-budget action film.;F F F F F F F F T T T T T T F F F F F F F F
449;Rob Morrow is good enough not to be completely overshadowed by his co-stars, although his forced accent could have been toned down.;F F F F F T T T T T F F F F F F F F F F F F
450;The story, which develops largely without dialogue, follows Peter's quest to locate his young daughter Nicole (Jennifer MacDonald).;F F F F F F F F F F F F F F F F F F
451;It will delight all sexes and ages, even adults with no children.;F F F F F F F F F T T T
452;It seems as if this is Ada's story to tell and no one else's.;F F F F F F F F F F F T T T
453;Grandma represents an ideal for the troubled girl, who has a long juvenile arrest record and faces a bleak present, never mind her bleak future.;F F F F F F F F F F F F F F F F F F F F T T T T T
454;It may not rank with Alexander Graham Bell's idea of long distance voice communication, but the team at govWorks.com;F T T T T T T T T F F F F F F F F F F
455;There was no discussion or aimless chatter, just the quiet, communal introspection of a lingering experience.;F T T T T T T F F F F F F F F F
456;Less a biography than an impressionist's vision, the film may disappoint those expecting a vitriolic attack on someone who is surely not among Stone's heroes.;F F F F F F F F F F F F F F F F F F T T T T T T T
457;This is not your typical Hollywood romantic happy ending for a film, but one that is very fitting for this film.;T T T T T T T T T F F F F F F F F F F F F
458;The film had an anti-septic and unsexy look to it, as its sex scenes were not erotic.;F F F F F F F F F F F F F F T T T
459;But, it is not to be.;F T T T T T
460;I can't think of a film in the last few years set in Ireland that I did not enjoy, and I'm fairly sure it's not coincidence.;T T T T T T F F F F F F F F F T T T T F F F F T T T
461;It is not rated, but would certainly get a G.;T T T T F F F F F F
462;The movie is never realistic and you never care for any of the characters.;F F F T T F T T T T T T T T
463;Her boss, Palmer Joss (Matthew), feels her research is futile and of no utilitarian value.;F F F F F F F F F F F F T T T
464;He hasn't seen her for a long time and she barely recognizes him as he has become very fat (it's the padding) and walks in a lumbering way.;T T T T T T T T F F T T T F F F F F F F F F F F F F F F
465;The rest of this trip meanders through some extremely familiar countryside, and not familiar in a way that inspires fond comparisons to classic genre cousins.;F F F F F F F F F F F F T T F F F F F F F F F F F
466;That Carlin, a natural comedian, is not funny in this role, a role that is ready-made for comedy, indicates how poorly things are going for Smith.;F F F F F T T T T T T F F F F F F F F F F F F F F F
467;It is the wedding of his daughter Connie (Talia Shire), and no Sicilian can refuse a request on that day.;F F F F F F F F F F F T T T T F F F F F
468;It's hard to imagine any film-goer not having seen at least one of this picture's antecedents.;F F F F F F T T T F F F F F F F
469;"""It never pays off.""";T T T T
470;Any example that I can think of never seems to be quite to the level that they are complaining about.;F F F F F F F T T T T T T T T F F F F F
471;The only man is his way is the valiant hacker hero Bram Walker (that's Walker, not Stoker, played by Chris Mulkey).;F F F F F F F F F F F F F F F T T F F F F
472;But BOYS AND GIRLS does what most bad copies of good films do: It mimics a structure without having the faintest grasp of the insight or charm that fueled the original.;F F F F F F F F F F F F F F F F F T T T T T F F F F F F F F F
473;"The latter happened not long after she had said of Fletcher, ""This guy's a restraining order waiting to happen,"" since he followed her so obsessively.";F F T T T T F F F F F F F F F F F F F F F F F F F
474;"""We're sexually attracted to one another, so I hope neither one of us dies,"" say Bowman and Gallagher, though not in so many words.";F F F F F F F F F T T T T T F F F F F T T T T T
475;The picture never explains why it works this way, but it's funny, no matter how often they show it.;F F T T T T T T T F F F T T T T T T T
476;In Brian Wayne Peterson's script, which abides no subtle moments, Megan's true sexual orientation is never left in question.;F F F F F F F T T T F F F F F T T T T
477;Suddenly, WHEN THE=20 CAT'S AWAY is no longer about finding Gris-Gris, it's about Chloe=20 discovering meaning in her life.;F F F F F T T T T T T F F F F F F F F
478;While Marion rejects Pierre and jumps into bed that same night with the snake-like Henri, not seeing that he doesn't love her.;F F F F F F F F F F F F F F F T T T T T T T
479;There are times when ANNA KARENINA seems not like a filmed version of the Cliffnotes, but of the abridged Cliffnotes.;F F F F F F T T T T T T T T T F F F F F
480;The film, which was released last year in parts of Europe, does not yet have a United States release date.;F F F F F F F F F F F T T T T T T T T T
481;His many erotic (but not explicit) dreams of Angela feature hundreds of American Beauty red rose petals, just the type his wife likes to grow.;F F F T T T F F F F F F F F F F F F F F F F F F F
482;It is most worth noting that THE CIDER HOUSE RULES on film packs 15 years of Homer's life into about a year and a half.;T T T T T F F F F F F F F F F F F F F F F F F F F
483;He will speak the lines written, but he will not show one scintilla of emotion.;F F F F F F F T T T T T T T T
484;Although not nearly as enjoyable as the sweet first part, it does deliver on some nice childish humor.;T T T T T F F F F F F F F F F F F F
485;But one evening Zanzi again confronts Alonzo, this time in the dark shadows nearby Nanon's wagon and he notices that Alonzo has arms.;F F F F F F F F F F F F F F F F F F F F F F F
486;Since Christian later recants his claims of abuse, the story is not only a character study of a dysfunctional family but also a mystery as well.;F F F F F F F F T T T T T T T T F F F F F F F F F F
487;Guaranteed to move your mind and heart, the film does what documentaries are intended to do, bring to you material that you're not likely to see otherwise.;F F F F F F F F F F F F F F F F F F F F F T T T T T T
488;GILBERT GRAPE does seem to drift into its conclusion, but it never lost me.;F F F F F F F F F F T T T T
489;When some of these new experiences don't turn out well, and Angie's life takes some disappointing turns, she seems to take all the wrong lessons away from those experiences.;F F F F F T T T T T F F F F F F F F F F F F F F F F F F F
490;It deserves no better than to get sunk by the unstoppable TITANIC, which should plow SPHERE under on its way to a ninth-consecutive weekend atop the box office heap.;F F T T T T T T T T T T F F F F F F F F F F F F F F F F F
491;How a film could go so far afield, is not unusual for Hollywood, but in this case the film has gone too far afield from the story to even claim it is based on the book.;F F F F F F F F T T T F F F F F F F F F F F F F F F F F F F F F F F F F
492;But the film never feels dated.;F T T T T T
493;He is attracted to her because of her eyes and does not give up when she says no.;F F F F F F F F F F T T T T T T T T
494;It has been 10 years since the two were together and when Luzhin sees him at the match, there's no feeling of love or anger.;F F F F F F F F F F F F F F F F F F T T T T T T T
495;Wallace never realizes that he is in any danger so he has great fun shooting and getting shot at.;F T T T T T T T T F F F F F F F F F F
496;They talk about doing something with their lives, make plans for the future, but never seem to act on anything.;F F F F F F F F F F F F F F T T T T T T
497;I've sat through any number of horror flicks without batting an eyelash, but ERNEST RIDES AGAIN managed something that not even HALLOWEEN could accomplish.;F F F F F F F F F F F F F F F F F F F T T T T T
498;Nevertheless, the film would not be as successful if the romance didn't work on an emotional level.;F F F T T T T T F T T T T T T T T
499;There's no excuse for a subject this incendiary to be the stuff of pratfalls and sappy endings.;T T T T T T F F F F F F F F F F F
500;Members of the supporting cast, especially James=20 Nesbitt (JUDE, HEAR MY SONG), are no less solid.;F F F F F F F F F F F F T T T T
